{
  "model": {
    "type": "minecraft:select",
    "property": "minecraft:display_context",
    "cases": [
      {
        "when": [
          "gui",
          "fixed"
        ],
        "model": {
          "type": "minecraft:model",
          "model": "minecraft:item/item_frame"
        }
      }
    ],
    "fallback": {
      "type": "minecraft:select",
      "property": "minecraft:context_entity_type",
      "cases": [
        {
          "when": "minecraft:fox",
          "model": {
            "type": "minecraft:model",
            "model": "item/fox/item_frame_3d"
          }
        }
      ],
      "fallback": {
        "type": "minecraft:model",
        "model": "item/item_frame_3d"
      }
    }
  }
}