{
	"format_version": "1.21.6",
	"credit": "cyberia was here",
	"textures": {
		"1": "item/backyard_painting",
		"2": "item/painting_back",
		"particle": "item/backyard_painting"
	},
	"elements": [
		{
			"name": "painting",
			"from": [3, 0, 7.5],
			"to": [13, 13, 8.5],
			"rotation": {"angle": 0, "axis": "y", "origin": [9.5, 11, 8]},
			"faces": {
				"north": {"uv": [3, 3, 13, 16], "texture": "#2"},
				"east": {"uv": [12, 3, 13, 16], "texture": "#1"},
				"south": {"uv": [3, 3, 13, 16], "texture": "#1"},
				"west": {"uv": [3, 3, 4, 16], "texture": "#1"},
				"up": {"uv": [3, 3, 13, 4], "texture": "#1"},
				"down": {"uv": [3, 15, 13, 16], "texture": "#1"}
			}
		},
		{
			"name": "rope_left",
			"from": [5, 13, 7.5],
			"to": [7, 14, 8.5],
			"rotation": {"angle": 0, "axis": "y", "origin": [7.5, 11, 8]},
			"faces": {
				"north": {"uv": [6, 2, 8, 3], "texture": "#1"},
				"east": {"uv": [7, 2, 8, 3], "texture": "#1"},
				"south": {"uv": [6, 2, 8, 3], "texture": "#1"},
				"west": {"uv": [6, 2, 7, 3], "texture": "#1"},
				"up": {"uv": [6, 2, 8, 3], "texture": "#1"}
			}
		},
		{
			"name": "rope_right",
			"from": [8, 13, 7.5],
			"to": [10, 14, 8.5],
			"rotation": {"angle": 0, "axis": "y", "origin": [7.5, 11, 8]},
			"faces": {
				"north": {"uv": [11, 2, 9, 3], "texture": "#1"},
				"east": {"uv": [10, 2, 11, 3], "texture": "#1"},
				"south": {"uv": [9, 2, 11, 3], "texture": "#1"},
				"west": {"uv": [9, 2, 10, 3], "texture": "#1"},
				"up": {"uv": [9, 2, 11, 3], "texture": "#1"}
			}
		},
		{
			"name": "rope_middle",
			"from": [6, 14, 7.5],
			"to": [9, 15, 8.5],
			"rotation": {"angle": 0, "axis": "y", "origin": [7.5, 11, 8]},
			"faces": {
				"north": {"uv": [10, 1, 7, 2], "texture": "#1"},
				"east": {"uv": [9, 1, 10, 2], "texture": "#1"},
				"south": {"uv": [7, 1, 10, 2], "texture": "#1"},
				"west": {"uv": [7, 1, 8, 2], "texture": "#1"},
				"up": {"uv": [7, 1, 10, 2], "texture": "#1"},
				"down": {"uv": [7, 1, 10, 2], "texture": "#1"}
			}
		},
		{
			"name": "rope_top",
			"from": [7, 15, 7.5],
			"to": [8, 16, 8.5],
			"rotation": {"angle": 0, "axis": "y", "origin": [7.5, 11, 8]},
			"faces": {
				"north": {"uv": [8, 0, 9, 1], "texture": "#1"},
				"east": {"uv": [8, 0, 9, 1], "texture": "#1"},
				"south": {"uv": [8, 0, 9, 1], "texture": "#1"},
				"west": {"uv": [8, 0, 9, 1], "texture": "#1"},
				"up": {"uv": [8, 0, 9, 1], "texture": "#1"}
			}
		}
	],
	"gui_light": "front",
	"display": {
		"thirdperson_righthand": {
			"translation": [0, 3, 1],
			"scale": [0.55, 0.55, 0.55]
		},
		"thirdperson_lefthand": {
			"translation": [0, 3, 1],
			"scale": [0.55, 0.55, 0.55]
		},
		"firstperson_righthand": {
			"rotation": [0, -90, 25],
			"translation": [1.13, 3.2, 1.13],
			"scale": [0.68, 0.68, 0.68]
		},
		"firstperson_lefthand": {
			"rotation": [0, -90, 25],
			"translation": [1.13, 3.2, 1.13],
			"scale": [0.68, 0.68, 0.68]
		},
		"ground": {
			"translation": [0, 2, 0],
			"scale": [0.5, 0.5, 0.5]
		},
		"head": {
			"rotation": [0, -180, 0],
			"translation": [0, 14.5, 0]
		},
		"fixed": {
			"rotation": [0, -180, 0]
		}
	},
	"groups": [
		{
			"name": "painting",
			"origin": [5, 18, 7],
			"color": 0,
			"children": [0, 1, 2, 3, 4]
		}
	]
}