{
	"format_version": "1.21.6",
	"credit": "cyberia was here",
	"textures": {
		"1": "item/painting_back",
		"particle": "item/painting_back",
		"layer0": "item/courbet_painting"
	},
	"elements": [
		{
			"name": "painting",
			"from": [1.5, 0, 7.5],
			"to": [14.5, 9, 8.5],
			"rotation": {"angle": 0, "axis": "y", "origin": [8, 11, 8]},
			"faces": {
				"north": {"uv": [2, 5, 15, 14], "texture": "#1"},
				"east": {"uv": [14, 5, 15, 14], "texture": "#layer0"},
				"south": {"uv": [2, 5, 15, 14], "texture": "#layer0"},
				"west": {"uv": [2, 5, 3, 14], "texture": "#layer0"},
				"up": {"uv": [2, 5, 15, 6], "texture": "#layer0"},
				"down": {"uv": [2, 13, 15, 14], "texture": "#layer0"}
			}
		},
		{
			"name": "rope_left",
			"from": [5.5, 9, 7.5],
			"to": [7.5, 10, 8.5],
			"rotation": {"angle": 0, "axis": "y", "origin": [8, 7, 8]},
			"faces": {
				"north": {"uv": [6, 4, 8, 5], "texture": "#layer0"},
				"east": {"uv": [7, 4, 8, 5], "texture": "#layer0"},
				"south": {"uv": [6, 4, 8, 5], "texture": "#layer0"},
				"west": {"uv": [6, 4, 7, 5], "texture": "#layer0"},
				"up": {"uv": [6, 4, 8, 5], "texture": "#layer0"}
			}
		},
		{
			"name": "rope_right",
			"from": [8.5, 9, 7.5],
			"to": [10.5, 10, 8.5],
			"rotation": {"angle": 0, "axis": "y", "origin": [8, 7, 8]},
			"faces": {
				"north": {"uv": [11, 4, 9, 5], "texture": "#layer0"},
				"east": {"uv": [10, 4, 11, 5], "texture": "#layer0"},
				"south": {"uv": [9, 4, 11, 5], "texture": "#layer0"},
				"west": {"uv": [9, 4, 10, 5], "texture": "#layer0"},
				"up": {"uv": [9, 4, 11, 5], "texture": "#layer0"}
			}
		},
		{
			"name": "rope_middle",
			"from": [6.5, 10, 7.5],
			"to": [9.5, 11, 8.5],
			"rotation": {"angle": 0, "axis": "y", "origin": [8, 7, 8]},
			"faces": {
				"north": {"uv": [10, 3, 7, 4], "texture": "#layer0"},
				"east": {"uv": [9, 3, 10, 4], "texture": "#layer0"},
				"south": {"uv": [7, 3, 10, 4], "texture": "#layer0"},
				"west": {"uv": [7, 3, 8, 4], "texture": "#layer0"},
				"up": {"uv": [7, 3, 10, 4], "texture": "#layer0"},
				"down": {"uv": [7, 3, 10, 4], "texture": "#layer0"}
			}
		},
		{
			"name": "rope_top",
			"from": [7.5, 11, 7.5],
			"to": [8.5, 12, 8.5],
			"rotation": {"angle": 0, "axis": "y", "origin": [8, 7, 8]},
			"faces": {
				"north": {"uv": [8, 2, 9, 3], "texture": "#layer0"},
				"east": {"uv": [8, 2, 9, 3], "texture": "#layer0"},
				"south": {"uv": [8, 2, 9, 3], "texture": "#layer0"},
				"west": {"uv": [8, 2, 9, 3], "texture": "#layer0"},
				"up": {"uv": [8, 2, 9, 3], "texture": "#layer0"}
			}
		}
	],
	"gui_light": "front",
	"display": {
		"thirdperson_righthand": {
			"translation": [0, 4, 1],
			"scale": [0.55, 0.55, 0.55]
		},
		"thirdperson_lefthand": {
			"translation": [0, 4, 1],
			"scale": [0.55, 0.55, 0.55]
		},
		"firstperson_righthand": {
			"rotation": [0, -90, 25],
			"translation": [1.13, 3.2, 1.13],
			"scale": [0.68, 0.68, 0.68]
		},
		"firstperson_lefthand": {
			"rotation": [0, -90, 25],
			"translation": [1.13, 3.2, 1.13],
			"scale": [0.68, 0.68, 0.68]
		},
		"ground": {
			"translation": [0, 2, 0],
			"scale": [0.5, 0.5, 0.5]
		},
		"gui": {
			"translation": [0, 2, 0]
		},
		"head": {
			"rotation": [0, -180, 0],
			"translation": [0, 14.5, 0]
		},
		"fixed": {
			"rotation": [0, -180, 0],
			"translation": [0, 2, 0]
		}
	},
	"groups": [
		{
			"name": "painting",
			"origin": [4.5, 18, 7],
			"color": 0,
			"children": [0, 1, 2, 3, 4]
		}
	]
}