{
	"format_version": "1.21.6",
	"credit": "cyberia was here",
	"textures": {
		"1": "item/painting_back",
		"particle": "item/painting_back",
		"layer0": "item/donkey_kong_painting"
	},
	"elements": [
		{
			"name": "painting",
			"from": [1, 0, 7.5],
			"to": [15, 11, 8.5],
			"rotation": {"angle": 0, "axis": "y", "origin": [8, 9.5, 8]},
			"faces": {
				"north": {"uv": [1, 3, 15, 13], "texture": "#1"},
				"east": {"uv": [14, 3, 15, 14], "texture": "#layer0"},
				"south": {"uv": [1, 3, 15, 14], "texture": "#layer0"},
				"west": {"uv": [1, 3, 2, 14], "texture": "#layer0"},
				"up": {"uv": [1, 3, 15, 4], "texture": "#layer0"},
				"down": {"uv": [1, 13, 15, 14], "texture": "#layer0"}
			}
		},
		{
			"name": "rope_left",
			"from": [5, 11, 7.5],
			"to": [7, 12, 8.5],
			"rotation": {"angle": 0, "axis": "y", "origin": [8, 9.5, 8]},
			"faces": {
				"north": {"uv": [6, 2, 8, 3], "texture": "#layer0"},
				"east": {"uv": [7, 2, 8, 3], "texture": "#layer0"},
				"south": {"uv": [6, 2, 8, 3], "texture": "#layer0"},
				"west": {"uv": [6, 2, 7, 3], "texture": "#layer0"},
				"up": {"uv": [6, 2, 8, 3], "texture": "#layer0"}
			}
		},
		{
			"name": "rope_right",
			"from": [8, 11, 7.5],
			"to": [10, 12, 8.5],
			"rotation": {"angle": 0, "axis": "y", "origin": [8, 9.5, 8]},
			"faces": {
				"north": {"uv": [11, 2, 9, 3], "texture": "#layer0"},
				"east": {"uv": [10, 2, 11, 3], "texture": "#layer0"},
				"south": {"uv": [9, 2, 11, 3], "texture": "#layer0"},
				"west": {"uv": [9, 2, 10, 3], "texture": "#layer0"},
				"up": {"uv": [9, 2, 11, 3], "texture": "#layer0"}
			}
		},
		{
			"name": "rope_middle",
			"from": [6, 12, 7.5],
			"to": [9, 13, 8.5],
			"rotation": {"angle": 0, "axis": "y", "origin": [8, 9.5, 8]},
			"faces": {
				"north": {"uv": [10, 1, 7, 2], "texture": "#layer0"},
				"east": {"uv": [9, 1, 10, 2], "texture": "#layer0"},
				"south": {"uv": [7, 1, 10, 2], "texture": "#layer0"},
				"west": {"uv": [7, 1, 8, 2], "texture": "#layer0"},
				"up": {"uv": [7, 1, 10, 2], "texture": "#layer0"},
				"down": {"uv": [7, 1, 10, 2], "texture": "#layer0"}
			}
		},
		{
			"name": "rope_top",
			"from": [7, 13, 7.5],
			"to": [8, 14, 8.5],
			"rotation": {"angle": 0, "axis": "y", "origin": [8, 9.5, 8]},
			"faces": {
				"north": {"uv": [8, 0, 9, 1], "texture": "#layer0"},
				"east": {"uv": [8, 0, 9, 1], "texture": "#layer0"},
				"south": {"uv": [8, 0, 9, 1], "texture": "#layer0"},
				"west": {"uv": [8, 0, 9, 1], "texture": "#layer0"},
				"up": {"uv": [8, 0, 9, 1], "texture": "#layer0"}
			}
		}
	],
	"gui_light": "front",
	"display": {
		"thirdperson_righthand": {
			"translation": [0, 4, 1],
			"scale": [0.55, 0.55, 0.55]
		},
		"thirdperson_lefthand": {
			"translation": [0, 4, 1],
			"scale": [0.55, 0.55, 0.55]
		},
		"firstperson_righthand": {
			"rotation": [0, -90, 25],
			"translation": [1.13, 3.2, 1.13],
			"scale": [0.68, 0.68, 0.68]
		},
		"firstperson_lefthand": {
			"rotation": [0, -90, 25],
			"translation": [1.13, 3.2, 1.13],
			"scale": [0.68, 0.68, 0.68]
		},
		"ground": {
			"translation": [0, 2, 0],
			"scale": [0.5, 0.5, 0.5]
		},
		"head": {
			"rotation": [0, -180, 0],
			"translation": [0.5, 14.5, 0]
		},
		"fixed": {
			"rotation": [0, -180, 0],
			"translation": [0.5, 0, 0]
		}
	},
	"groups": [
		{
			"name": "painting",
			"origin": [6.5, 18, 7],
			"color": 0,
			"children": [0, 1, 2, 3, 4]
		}
	]
}