{
	"format_version": "1.21.6",
	"credit": "cyberia was here",
	"textures": {
		"0": "item/graham_painting",
		"1": "item/painting_back",
		"particle": "item/graham_painting"
	},
	"elements": [
		{
			"name": "painting",
			"from": [4.5, 1, 7.6875],
			"to": [11.5, 11, 7.9375],
			"rotation": {"angle": 0, "axis": "y", "origin": [3.5, 1, 7.6875]},
			"faces": {
				"north": {"uv": [5, 3, 12, 13], "texture": "#1"},
				"south": {"uv": [5, 4, 12, 14], "texture": "#0"}
			}
		},
		{
			"name": "case_top",
			"from": [4.5, 11, 7.6875],
			"to": [11.5, 12, 8.6875],
			"rotation": {"angle": 0, "axis": "y", "origin": [3.5, 11, 7.6875]},
			"faces": {
				"north": {"uv": [5, 2, 12, 3], "texture": "#1"},
				"south": {"uv": [5, 3, 12, 4], "texture": "#0"},
				"up": {"uv": [5, 3, 12, 4], "rotation": 180, "texture": "#0"},
				"down": {"uv": [5, 3, 12, 4], "texture": "#0"}
			}
		},
		{
			"name": "case_right",
			"from": [11.5, 0, 7.6875],
			"to": [12.5, 12, 8.6875],
			"rotation": {"angle": 0, "axis": "y", "origin": [4.5, 9, 7.6875]},
			"faces": {
				"north": {"uv": [4, 2, 5, 14], "texture": "#1"},
				"east": {"uv": [12, 3, 13, 15], "texture": "#0"},
				"south": {"uv": [12, 3, 13, 15], "texture": "#0"},
				"west": {"uv": [12, 3, 13, 15], "texture": "#0"},
				"up": {"uv": [12, 3, 13, 4], "rotation": 90, "texture": "#0"},
				"down": {"uv": [12, 15, 13, 16], "rotation": 270, "texture": "#0"}
			}
		},
		{
			"name": "case_bottom",
			"from": [4.5, 0, 7.6875],
			"to": [11.5, 1, 8.6875],
			"rotation": {"angle": 0, "axis": "y", "origin": [3.5, 0, 7.6875]},
			"faces": {
				"north": {"uv": [5, 13, 12, 14], "texture": "#1"},
				"south": {"uv": [5, 14, 12, 15], "texture": "#0"},
				"up": {"uv": [5, 14, 12, 15], "texture": "#0"},
				"down": {"uv": [5, 15, 12, 16], "texture": "#0"}
			}
		},
		{
			"name": "case_left",
			"from": [3.5, 0, 7.6875],
			"to": [4.5, 12, 8.6875],
			"rotation": {"angle": 0, "axis": "y", "origin": [-3.5, 9, 7.6875]},
			"faces": {
				"north": {"uv": [12, 2, 13, 14], "texture": "#1"},
				"east": {"uv": [4, 3, 5, 15], "texture": "#0"},
				"south": {"uv": [4, 3, 5, 15], "texture": "#0"},
				"west": {"uv": [4, 3, 5, 15], "texture": "#0"},
				"up": {"uv": [4, 3, 5, 4], "rotation": 90, "texture": "#0"},
				"down": {"uv": [4, 15, 5, 16], "rotation": 270, "texture": "#0"}
			}
		}
	],
	"display": {
		"thirdperson_righthand": {
			"translation": [0, 4, 1],
			"scale": [0.55, 0.55, 0.55]
		},
		"thirdperson_lefthand": {
			"translation": [0, 4, 1],
			"scale": [0.55, 0.55, 0.55]
		},
		"firstperson_righthand": {
			"rotation": [0, -90, 25],
			"translation": [1.13, 4.7, 1.13],
			"scale": [0.68, 0.68, 0.68]
		},
		"firstperson_lefthand": {
			"rotation": [0, -90, 25],
			"translation": [1.13, 4.7, 1.13],
			"scale": [0.68, 0.68, 0.68]
		},
		"ground": {
			"translation": [0, 2, 0],
			"scale": [0.5, 0.5, 0.5]
		},
		"gui": {
			"rotation": [22.5, -22.5, 0],
			"translation": [0, 2, 0]
		},
		"head": {
			"rotation": [0, -180, 0],
			"translation": [0, 14.5, 0]
		},
		"fixed": {
			"rotation": [0, -180, 0],
			"translation": [0, 2, 0]
		}
	},
	"groups": [
		{
			"name": "painting",
			"origin": [12.5, 9, 15.6875],
			"color": 0,
			"children": [0, 1, 2, 3, 4]
		}
	]
}