{
	"format_version": "1.21.6",
	"credit": "cyberia was here",
	"textures": {
		"1": "item/item_frame_3d",
		"particle": "item/item_frame_3d"
	},
	"elements": [
		{
			"name": "painting",
			"from": [3, 1, 7.6875],
			"to": [13, 9, 7.9375],
			"rotation": {"angle": 0, "axis": "y", "origin": [5, 1, 7.6875]},
			"faces": {
				"north": {"uv": [0, 0, 5, 4], "texture": "#1"},
				"south": {"uv": [0, 10.5, 5, 14.5], "texture": "#1"}
			}
		},
		{
			"name": "case_top",
			"from": [3, 9, 7.6875],
			"to": [13, 10, 8.6875],
			"rotation": {"angle": 0, "axis": "y", "origin": [5, 9, 7.6875]},
			"faces": {
				"north": {"uv": [0, 4.5, 5, 5], "texture": "#1"},
				"south": {"uv": [0, 4, 5, 4.5], "texture": "#1"},
				"up": {"uv": [0.5, 10, 0, 5], "rotation": 90, "texture": "#1"},
				"down": {"uv": [5.5, 0, 5, 5], "rotation": 270, "texture": "#1"}
			}
		},
		{
			"name": "case_right",
			"from": [13, 0, 7.6875],
			"to": [14, 10, 8.6875],
			"rotation": {"angle": 0, "axis": "y", "origin": [6, 9, 7.6875]},
			"faces": {
				"north": {"uv": [2, 5, 2.5, 10], "texture": "#1"},
				"east": {"uv": [0.5, 5, 1, 10], "texture": "#1"},
				"south": {"uv": [1, 5, 1.5, 10], "texture": "#1"},
				"west": {"uv": [1.5, 5, 2, 10], "texture": "#1"},
				"up": {"uv": [6, 1, 5.5, 0.5], "rotation": 90, "texture": "#1"},
				"down": {"uv": [6, 1, 5.5, 1.5], "rotation": 270, "texture": "#1"}
			}
		},
		{
			"name": "case_bottom",
			"from": [3, 0, 7.6875],
			"to": [13, 1, 8.6875],
			"rotation": {"angle": 0, "axis": "y", "origin": [5, 0, 7.6875]},
			"faces": {
				"north": {"uv": [5.5, 0, 10.5, 0.5], "texture": "#1"},
				"south": {"uv": [2.5, 5, 7.5, 5.5], "texture": "#1"},
				"up": {"uv": [3, 10.5, 2.5, 5.5], "rotation": 90, "texture": "#1"},
				"down": {"uv": [3.5, 5.5, 3, 10.5], "rotation": 270, "texture": "#1"}
			}
		},
		{
			"name": "case_left",
			"from": [2, 0, 7.6875],
			"to": [3, 10, 8.6875],
			"rotation": {"angle": 0, "axis": "y", "origin": [-5, 9, 7.6875]},
			"faces": {
				"north": {"uv": [5, 5.5, 5.5, 10.5], "texture": "#1"},
				"east": {"uv": [3.5, 5.5, 4, 10.5], "texture": "#1"},
				"south": {"uv": [4, 5.5, 4.5, 10.5], "texture": "#1"},
				"west": {"uv": [4.5, 5.5, 5, 10.5], "texture": "#1"},
				"up": {"uv": [6, 2, 5.5, 1.5], "rotation": 90, "texture": "#1"},
				"down": {"uv": [6, 2, 5.5, 2.5], "rotation": 270, "texture": "#1"}
			}
		}
	],
	"display": {
		"thirdperson_righthand": {
			"translation": [0, 4, 1],
			"scale": [0.55, 0.55, 0.55]
		},
		"thirdperson_lefthand": {
			"translation": [0, 4, 1],
			"scale": [0.55, 0.55, 0.55]
		},
		"firstperson_righthand": {
			"rotation": [0, -90, 25],
			"translation": [1.13, 3.95, 1.13],
			"scale": [0.68, 0.68, 0.68]
		},
		"firstperson_lefthand": {
			"rotation": [0, -90, 25],
			"translation": [1.13, 3.95, 1.13],
			"scale": [0.68, 0.68, 0.68]
		},
		"ground": {
			"translation": [0, 2, 0],
			"scale": [0.5, 0.5, 0.5]
		},
		"gui": {
			"rotation": [22.5, -22.5, 0],
			"translation": [0, 2, 0]
		},
		"head": {
			"rotation": [0, -180, 0],
			"translation": [0, 14.5, 0]
		},
		"fixed": {
			"rotation": [0, -180, 0],
			"translation": [0, 2, 0]
		}
	},
	"groups": [
		{
			"name": "painting",
			"origin": [14, 9, 15.6875],
			"color": 0,
			"children": [0, 1, 2, 3, 4]
		}
	]
}