{
	"format_version": "1.21.6",
	"credit": "cyberia was here",
	"textures": {
		"1": "item/painting_back",
		"3": "item/painting"
	},
	"elements": [
		{
			"name": "painting",
			"from": [1.5, 2, 7.5],
			"to": [14.5, 12, 8.5],
			"rotation": {"angle": 0, "axis": "y", "origin": [8.5, 13, 8]},
			"faces": {
				"north": {"uv": [2, 3, 15, 13], "texture": "#1"},
				"east": {"uv": [14, 4, 15, 14], "texture": "#3"},
				"south": {"uv": [2, 4, 15, 14], "texture": "#3"},
				"west": {"uv": [2, 4, 3, 14], "texture": "#3"},
				"up": {"uv": [2, 4, 15, 5], "texture": "#3"},
				"down": {"uv": [2, 13, 15, 14], "texture": "#3"}
			}
		},
		{
			"name": "rope_left",
			"from": [5.5, 12, 7.5],
			"to": [7.5, 13, 8.5],
			"rotation": {"angle": 0, "axis": "y", "origin": [8.5, 10, 8]},
			"faces": {
				"north": {"uv": [6, 3, 8, 4], "texture": "#3"},
				"east": {"uv": [7, 3, 8, 4], "texture": "#3"},
				"south": {"uv": [6, 3, 8, 4], "texture": "#3"},
				"west": {"uv": [6, 3, 7, 4], "texture": "#3"},
				"up": {"uv": [6, 3, 8, 4], "texture": "#3"}
			}
		},
		{
			"name": "rope_right",
			"from": [8.5, 12, 7.5],
			"to": [10.5, 13, 8.5],
			"rotation": {"angle": 0, "axis": "y", "origin": [8.5, 10, 8]},
			"faces": {
				"north": {"uv": [11, 3, 9, 4], "texture": "#3"},
				"east": {"uv": [10, 3, 11, 4], "texture": "#3"},
				"south": {"uv": [9, 3, 11, 4], "texture": "#3"},
				"west": {"uv": [9, 3, 10, 4], "texture": "#3"},
				"up": {"uv": [9, 3, 11, 4], "texture": "#3"}
			}
		},
		{
			"name": "rope_middle",
			"from": [6.5, 13, 7.5],
			"to": [9.5, 14, 8.5],
			"rotation": {"angle": 0, "axis": "y", "origin": [8.5, 10, 8]},
			"faces": {
				"north": {"uv": [10, 2, 7, 3], "texture": "#3"},
				"east": {"uv": [9, 2, 10, 3], "texture": "#3"},
				"south": {"uv": [7, 2, 10, 3], "texture": "#3"},
				"west": {"uv": [7, 2, 8, 3], "texture": "#3"},
				"up": {"uv": [7, 2, 10, 3], "texture": "#3"},
				"down": {"uv": [7, 2, 10, 3], "texture": "#3"}
			}
		},
		{
			"name": "rope_top",
			"from": [7.5, 14, 7.5],
			"to": [8.5, 15, 8.5],
			"rotation": {"angle": 0, "axis": "y", "origin": [8.5, 10, 8]},
			"faces": {
				"north": {"uv": [8, 1, 9, 2], "texture": "#3"},
				"east": {"uv": [8, 1, 9, 2], "texture": "#3"},
				"south": {"uv": [8, 1, 9, 2], "texture": "#3"},
				"west": {"uv": [8, 1, 9, 2], "texture": "#3"},
				"up": {"uv": [8, 1, 9, 2], "texture": "#3"}
			}
		}
	],
	"gui_light": "front",
	"display": {
		"thirdperson_righthand": {
			"translation": [0, 3, 1],
			"scale": [0.55, 0.55, 0.55]
		},
		"thirdperson_lefthand": {
			"translation": [0, 3, 1],
			"scale": [0.55, 0.55, 0.55]
		},
		"firstperson_righthand": {
			"rotation": [0, -90, 25],
			"translation": [1.13, 2.7, 1.13],
			"scale": [0.68, 0.68, 0.68]
		},
		"firstperson_lefthand": {
			"rotation": [0, -90, 25],
			"translation": [1.13, 2.7, 1.13],
			"scale": [0.68, 0.68, 0.68]
		},
		"ground": {
			"translation": [0, 2, 0],
			"scale": [0.5, 0.5, 0.5]
		},
		"head": {
			"rotation": [0, -180, 0],
			"translation": [0, 12.5, 0]
		},
		"fixed": {
			"rotation": [0, -180, 0]
		}
	},
	"groups": [
		{
			"name": "painting",
			"origin": [5, 18, 7],
			"color": 0,
			"children": [0, 1, 2, 3, 4]
		}
	]
}