{
	"format_version": "1.21.6",
	"credit": "cyberia was here",
	"parent": "minecraft:item/alban_3d",
	"textures": {
		"0": "item/plant_painting",
		"1": "item/painting_back",
		"particle": "item/plant_painting"
	},
	"elements": [
		{
			"name": "painting",
			"from": [3, 1, 7.5],
			"to": [14, 11, 7.75],
			"rotation": {"angle": 0, "axis": "y", "origin": [8.5, 6, 7.8125]},
			"faces": {
				"north": {"uv": [3, 4, 14, 14], "texture": "#1"},
				"south": {"uv": [3, 4, 14, 14], "texture": "#0"}
			}
		},
		{
			"name": "case_top",
			"from": [3, 11, 7.5],
			"to": [14, 12, 8.5],
			"rotation": {"angle": 0, "axis": "y", "origin": [8.5, 6, 7.8125]},
			"faces": {
				"north": {"uv": [3, 3, 14, 4], "texture": "#1"},
				"south": {"uv": [3, 3, 14, 4], "texture": "#0"},
				"up": {"uv": [14, 4, 3, 3], "rotation": 180, "texture": "#0"},
				"down": {"uv": [3, 3, 14, 4], "texture": "#0"}
			}
		},
		{
			"name": "case_right",
			"from": [14, 0, 7.5],
			"to": [15, 12, 8.5],
			"rotation": {"angle": 0, "axis": "y", "origin": [8.5, 6, 7.8125]},
			"faces": {
				"north": {"uv": [2, 3, 3, 15], "texture": "#1"},
				"east": {"uv": [14, 3, 15, 15], "texture": "#0"},
				"south": {"uv": [14, 3, 15, 15], "texture": "#0"},
				"west": {"uv": [14, 3, 15, 15], "texture": "#0"},
				"up": {"uv": [15, 4, 14, 3], "rotation": 90, "texture": "#0"},
				"down": {"uv": [15, 14, 14, 15], "rotation": 270, "texture": "#0"}
			}
		},
		{
			"name": "case_bottom",
			"from": [3, 0, 7.5],
			"to": [14, 1, 8.5],
			"rotation": {"angle": 0, "axis": "y", "origin": [8.5, 6, 7.8125]},
			"faces": {
				"north": {"uv": [3, 14, 14, 15], "texture": "#1"},
				"south": {"uv": [3, 14, 14, 15], "texture": "#0"},
				"up": {"uv": [14, 15, 3, 14], "rotation": 180, "texture": "#0"},
				"down": {"uv": [3, 14, 14, 15], "texture": "#0"}
			}
		},
		{
			"name": "case_left",
			"from": [2, 0, 7.5],
			"to": [3, 12, 8.5],
			"rotation": {"angle": 0, "axis": "y", "origin": [8.5, 6, 7.8125]},
			"faces": {
				"north": {"uv": [14, 3, 15, 15], "texture": "#1"},
				"east": {"uv": [2, 3, 3, 15], "texture": "#0"},
				"south": {"uv": [2, 3, 3, 15], "texture": "#0"},
				"west": {"uv": [2, 3, 3, 15], "texture": "#0"},
				"up": {"uv": [3, 4, 2, 3], "rotation": 90, "texture": "#0"},
				"down": {"uv": [3, 14, 2, 15], "rotation": 270, "texture": "#0"}
			}
		}
	],
	"groups": [
		{
			"name": "painting",
			"origin": [16.5625, 9, 20],
			"color": 0,
			"children": [0, 1, 2, 3, 4]
		}
	]
}