{
	"format_version": "1.21.6",
	"credit": "cyberia was here",
	"parent": "minecraft:item/donkey_kong_3d",
	"textures": {
		"3": "item/painting_back",
		"4": "item/skeleton_painting"
	},
	"elements": [
		{
			"name": "painting",
			"from": [2, 1, 7.6875],
			"to": [14, 9, 7.9375],
			"rotation": {"angle": 0, "axis": "y", "origin": [6, 1, 7.6875]},
			"faces": {
				"north": {"uv": [2, 4, 14, 12], "texture": "#3"},
				"south": {"uv": [2, 4, 14, 12], "texture": "#4"}
			}
		},
		{
			"name": "case_top",
			"from": [2, 9, 7.6875],
			"to": [14, 10, 8.6875],
			"rotation": {"angle": 0, "axis": "y", "origin": [6, 9, 7.6875]},
			"faces": {
				"north": {"uv": [2, 3, 14, 4], "texture": "#3"},
				"south": {"uv": [2, 3, 14, 4], "texture": "#4"},
				"up": {"uv": [14, 4, 2, 3], "rotation": 180, "texture": "#4"},
				"down": {"uv": [14, 3, 2, 4], "rotation": 180, "texture": "#4"}
			}
		},
		{
			"name": "case_right",
			"from": [14, 0, 7.6875],
			"to": [15, 10, 8.6875],
			"rotation": {"angle": 0, "axis": "y", "origin": [7, 9, 7.6875]},
			"faces": {
				"north": {"uv": [1, 3, 2, 13], "texture": "#3"},
				"east": {"uv": [14, 4, 15, 13], "texture": "#4"},
				"south": {"uv": [14, 4, 15, 13], "texture": "#4"},
				"west": {"uv": [14, 4, 15, 13], "texture": "#4"},
				"up": {"uv": [14, 5, 15, 4], "rotation": 90, "texture": "#4"},
				"down": {"uv": [15, 13, 14, 14], "rotation": 270, "texture": "#4"}
			}
		},
		{
			"name": "case_bottom",
			"from": [2, 0, 7.6875],
			"to": [14, 1, 8.6875],
			"rotation": {"angle": 0, "axis": "y", "origin": [6, 0, 7.6875]},
			"faces": {
				"north": {"uv": [2, 12, 14, 13], "texture": "#3"},
				"south": {"uv": [2, 12, 14, 13], "texture": "#4"},
				"up": {"uv": [14, 13, 2, 12], "rotation": 180, "texture": "#4"},
				"down": {"uv": [14, 13, 2, 14], "rotation": 180, "texture": "#4"}
			}
		},
		{
			"name": "case_left",
			"from": [1, 0, 7.6875],
			"to": [2, 10, 8.6875],
			"rotation": {"angle": 0, "axis": "y", "origin": [-6, 9, 7.6875]},
			"faces": {
				"north": {"uv": [14, 3, 15, 13], "texture": "#3"},
				"east": {"uv": [1, 3, 2, 13], "texture": "#4"},
				"south": {"uv": [1, 3, 2, 13], "texture": "#4"},
				"west": {"uv": [1, 3, 2, 13], "texture": "#4"},
				"up": {"uv": [2, 4, 1, 3], "rotation": 90, "texture": "#4"},
				"down": {"uv": [2, 13, 1, 14], "rotation": 270, "texture": "#4"}
			}
		}
	],
	"display": {
		"ground": {
			"translation": [0, 2, 0],
			"scale": [0.5, 0.5, 0.5]
		}
	},
	"groups": [
		{
			"name": "painting",
			"origin": [15, 9, 15.6875],
			"color": 0,
			"children": [0, 1, 2, 3, 4]
		}
	]
}