{
	"format_version": "1.21.6",
	"credit": "cyberia was here",
	"parent": "minecraft:item/burning_skull_3d",
	"textures": {
		"0": "item/painting_back",
		"1": "item/unpacked_painting",
		"particle": "item/painting_back"
	},
	"elements": [
		{
			"name": "painting",
			"from": [2.5, 1, 7.6875],
			"to": [13.5, 11, 7.9375],
			"rotation": {"angle": 0, "axis": "y", "origin": [8, 6, 8]},
			"faces": {
				"north": {"uv": [3, 3, 14, 13], "texture": "#0"},
				"south": {"uv": [3, 4, 14, 14], "texture": "#1"}
			}
		},
		{
			"name": "case_top",
			"from": [2.5, 11, 7.6875],
			"to": [13.5, 12, 8.6875],
			"rotation": {"angle": 0, "axis": "y", "origin": [8, 6, 8]},
			"faces": {
				"north": {"uv": [3, 2, 14, 3], "texture": "#0"},
				"south": {"uv": [3, 3, 14, 4], "texture": "#1"},
				"up": {"uv": [14, 3, 3, 4], "rotation": 180, "texture": "#1"},
				"down": {"uv": [3, 4, 14, 3], "texture": "#1"}
			}
		},
		{
			"name": "case_top",
			"from": [2.5, 0, 7.6875],
			"to": [13.5, 1, 8.6875],
			"rotation": {"angle": 0, "axis": "y", "origin": [8, -5, 8]},
			"faces": {
				"north": {"uv": [3, 13, 14, 14], "texture": "#0"},
				"south": {"uv": [3, 14, 14, 15], "texture": "#1"},
				"up": {"uv": [14, 14, 3, 15], "rotation": 180, "texture": "#1"},
				"down": {"uv": [3, 16, 14, 15], "texture": "#1"}
			}
		},
		{
			"name": "case_left",
			"from": [1.5, 0, 7.6875],
			"to": [2.5, 12, 8.6875],
			"rotation": {"angle": 0, "axis": "y", "origin": [8, 6, 8]},
			"faces": {
				"north": {"uv": [14, 2, 15, 14], "texture": "#0"},
				"east": {"uv": [2, 3, 3, 15], "texture": "#1"},
				"south": {"uv": [2, 3, 3, 15], "texture": "#1"},
				"west": {"uv": [2, 3, 3, 15], "texture": "#1"},
				"up": {"uv": [2, 3, 3, 4], "rotation": 90, "texture": "#1"},
				"down": {"uv": [2, 15, 3, 16], "rotation": 270, "texture": "#1"}
			}
		},
		{
			"name": "case_left",
			"from": [13.5, 0, 7.6875],
			"to": [14.5, 12, 8.6875],
			"rotation": {"angle": 0, "axis": "y", "origin": [20, 6, 8]},
			"faces": {
				"north": {"uv": [2, 2, 3, 14], "texture": "#0"},
				"east": {"uv": [14, 3, 15, 15], "texture": "#1"},
				"south": {"uv": [14, 3, 15, 15], "texture": "#1"},
				"west": {"uv": [14, 3, 15, 15], "texture": "#1"},
				"up": {"uv": [14, 3, 15, 4], "rotation": 90, "texture": "#1"},
				"down": {"uv": [14, 15, 15, 16], "rotation": 270, "texture": "#1"}
			}
		}
	],
	"display": {
		"ground": {
			"translation": [0, 0.5, 0.75],
			"scale": [0.5, 0.5, 0.5]
		}
	},
	"groups": [
		{
			"name": "painting",
			"origin": [16.0625, 9, 20.1875],
			"color": 0,
			"children": [0, 1, 2, 3, 4]
		}
	]
}