{
	"format_version": "1.21.6",
	"credit": "cyberia was here",
	"textures": {
		"3": "item/changing_painting",
		"4": "item/painting_back"
	},
	"elements": [
		{
			"name": "painting",
			"from": [2, 1, 7.6875],
			"to": [14, 8, 7.9375],
			"rotation": {"angle": 0, "axis": "y", "origin": [6, 1, 7.6875]},
			"faces": {
				"north": {"uv": [2, 3, 14, 10], "texture": "#4"},
				"south": {"uv": [2, 5, 14, 12], "texture": "#3"}
			}
		},
		{
			"name": "case_top",
			"from": [2, 8, 7.6875],
			"to": [14, 9, 8.6875],
			"rotation": {"angle": 0, "axis": "y", "origin": [6, 8, 7.6875]},
			"faces": {
				"north": {"uv": [2, 2, 14, 3], "texture": "#4"},
				"south": {"uv": [2, 4, 14, 5], "texture": "#3"},
				"up": {"uv": [14, 5, 2, 4], "rotation": 180, "texture": "#3"},
				"down": {"uv": [14, 4, 2, 5], "rotation": 180, "texture": "#3"}
			}
		},
		{
			"name": "case_right",
			"from": [14, 0, 7.6875],
			"to": [15, 9, 8.6875],
			"rotation": {"angle": 0, "axis": "y", "origin": [7, 9, 7.6875]},
			"faces": {
				"north": {"uv": [1, 2, 2, 11], "texture": "#4"},
				"east": {"uv": [14, 4, 15, 13], "texture": "#3"},
				"south": {"uv": [14, 4, 15, 13], "texture": "#3"},
				"west": {"uv": [14, 4, 15, 13], "texture": "#3"},
				"up": {"uv": [14, 5, 15, 4], "rotation": 90, "texture": "#3"},
				"down": {"uv": [15, 13, 14, 14], "rotation": 270, "texture": "#3"}
			}
		},
		{
			"name": "case_bottom",
			"from": [2, 0, 7.6875],
			"to": [14, 1, 8.6875],
			"rotation": {"angle": 0, "axis": "y", "origin": [6, 0, 7.6875]},
			"faces": {
				"north": {"uv": [2, 10, 14, 11], "texture": "#4"},
				"south": {"uv": [2, 12, 14, 13], "texture": "#3"},
				"up": {"uv": [14, 13, 2, 12], "rotation": 180, "texture": "#3"},
				"down": {"uv": [15, 13, 1, 14], "rotation": 180, "texture": "#3"}
			}
		},
		{
			"name": "case_left",
			"from": [1, 0, 7.6875],
			"to": [2, 9, 8.6875],
			"rotation": {"angle": 0, "axis": "y", "origin": [-6, 9, 7.6875]},
			"faces": {
				"north": {"uv": [14, 2, 15, 11], "texture": "#4"},
				"east": {"uv": [1, 4, 2, 13], "texture": "#3"},
				"south": {"uv": [1, 4, 2, 13], "texture": "#3"},
				"west": {"uv": [1, 4, 2, 13], "texture": "#3"},
				"up": {"uv": [2, 5, 1, 4], "rotation": 90, "texture": "#3"},
				"down": {"uv": [2, 13, 1, 14], "rotation": 270, "texture": "#3"}
			}
		}
	],
	"display": {
		"thirdperson_righthand": {
			"translation": [0, 4, 1],
			"scale": [0.55, 0.55, 0.55]
		},
		"thirdperson_lefthand": {
			"translation": [0, 4, 1],
			"scale": [0.55, 0.55, 0.55]
		},
		"firstperson_righthand": {
			"rotation": [0, -90, 25],
			"translation": [1.13, 5.95, 0.13],
			"scale": [0.68, 0.68, 0.68]
		},
		"firstperson_lefthand": {
			"rotation": [0, -90, 25],
			"translation": [1.13, 5.95, 0.13],
			"scale": [0.68, 0.68, 0.68]
		},
		"ground": {
			"translation": [0, 2, 0.75],
			"scale": [0.5, 0.5, 0.5]
		},
		"gui": {
			"rotation": [22.5, -22.5, 0],
			"translation": [0.1, 3, 0]
		},
		"head": {
			"rotation": [0, -180, 0],
			"translation": [0, 14.5, 0]
		},
		"fixed": {
			"rotation": [0, -180, 0],
			"translation": [0, 2, 0]
		}
	},
	"groups": [
		{
			"name": "painting",
			"origin": [15, 9, 15.6875],
			"color": 0,
			"children": [0, 1, 2, 3, 4]
		}
	]
}