{
	"format_version": "1.21.6",
	"credit": "cyberia was here",
	"textures": {
		"0": "item/item_frame",
		"1": "block/birch_planks"
	},
	"elements": [
		{
			"from": [1, 1, 7.5],
			"to": [15, 13, 8.5],
			"rotation": {"angle": 0, "axis": "y", "origin": [2, 1, 8.5]},
			"faces": {
				"north": {"uv": [1, 3, 15, 15], "texture": "#1"},
				"east": {"uv": [14, 3, 15, 15], "texture": "#0"},
				"south": {"uv": [1, 3, 15, 15], "texture": "#0"},
				"west": {"uv": [1, 3, 2, 15], "texture": "#0"},
				"up": {"uv": [15, 4, 1, 3], "rotation": 180, "texture": "#0"},
				"down": {"uv": [15, 14, 1, 15], "rotation": 180, "texture": "#0"}
			}
		},
		{
			"from": [7, 13, 7.5],
			"to": [9, 14, 8.5],
			"rotation": {"angle": 0, "axis": "y", "origin": [8, 13, 8.5]},
			"faces": {
				"north": {"uv": [7, 2, 9, 3], "texture": "#0"},
				"east": {"uv": [7, 2, 8, 3], "texture": "#0"},
				"south": {"uv": [7, 2, 9, 3], "texture": "#0"},
				"west": {"uv": [8, 2, 9, 3], "texture": "#0"},
				"up": {"uv": [9, 3, 7, 2], "texture": "#0"}
			}
		}
	],
	"gui_light": "front",
	"display": {
		"thirdperson_righthand": {
			"translation": [0, 4, 1],
			"scale": [0.55, 0.55, 0.55]
		},
		"thirdperson_lefthand": {
			"translation": [0, 4, 1],
			"scale": [0.55, 0.55, 0.55]
		},
		"firstperson_righthand": {
			"rotation": [0, -90, 25],
			"translation": [1.13, 3.2, 1.13],
			"scale": [0.68, 0.68, 0.68]
		},
		"firstperson_lefthand": {
			"rotation": [0, -90, 25],
			"translation": [1.13, 3.2, 1.13],
			"scale": [0.68, 0.68, 0.68]
		},
		"ground": {
			"scale": [0.5, 0.5, 0.5]
		},
		"head": {
			"rotation": [0, -180, 0],
			"translation": [0, 13.5, 0]
		},
		"fixed": {
			"rotation": [0, -180, 0]
		}
	}
}