{
	"format_version": "1.21.6",
	"credit": "cyberia was here",
	"parent": "minecraft:item/courbet_3d",
	"textures": {
		"1": "item/painting_back",
		"2": "item/sea_painting",
		"particle": "item/sea_painting"
	},
	"elements": [
		{
			"name": "painting",
			"from": [2.5, 1, 7.6875],
			"to": [13.5, 7, 7.9375],
			"rotation": {"angle": 0, "axis": "y", "origin": [8, 4, 8]},
			"faces": {
				"north": {"uv": [3, 7, 14, 13], "texture": "#1"},
				"south": {"uv": [3, 6, 14, 12], "texture": "#2"}
			}
		},
		{
			"name": "case_top",
			"from": [2.5, 7, 7.6875],
			"to": [13.5, 8, 8.6875],
			"rotation": {"angle": 0, "axis": "y", "origin": [8, 4, 8]},
			"faces": {
				"north": {"uv": [3, 6, 14, 7], "texture": "#1"},
				"south": {"uv": [3, 5, 14, 6], "texture": "#2"},
				"up": {"uv": [14, 6, 3, 5], "rotation": 180, "texture": "#2"},
				"down": {"uv": [14, 5, 3, 6], "rotation": 180, "texture": "#2"}
			}
		},
		{
			"name": "case_right",
			"from": [13.5, 0, 7.6875],
			"to": [14.5, 8, 8.6875],
			"rotation": {"angle": 0, "axis": "y", "origin": [8, 4, 8]},
			"faces": {
				"north": {"uv": [2, 6, 3, 14], "texture": "#1"},
				"east": {"uv": [14, 5, 15, 13], "texture": "#2"},
				"south": {"uv": [14, 5, 15, 13], "texture": "#2"},
				"west": {"uv": [14, 5, 15, 13], "texture": "#2"},
				"up": {"uv": [15, 6, 14, 5], "rotation": 90, "texture": "#2"},
				"down": {"uv": [15, 12, 14, 13], "rotation": 270, "texture": "#2"}
			}
		},
		{
			"name": "case_bottom",
			"from": [2.5, 0, 7.6875],
			"to": [13.5, 1, 8.6875],
			"rotation": {"angle": 0, "axis": "y", "origin": [8, 4, 8]},
			"faces": {
				"north": {"uv": [3, 13, 14, 14], "texture": "#1"},
				"south": {"uv": [3, 12, 14, 13], "texture": "#2"},
				"up": {"uv": [14, 13, 3, 12], "rotation": 180, "texture": "#2"},
				"down": {"uv": [14, 12, 3, 13], "rotation": 180, "texture": "#2"}
			}
		},
		{
			"name": "case_left",
			"from": [1.5, 0, 7.6875],
			"to": [2.5, 8, 8.6875],
			"rotation": {"angle": 0, "axis": "y", "origin": [8, 4, 8]},
			"faces": {
				"north": {"uv": [14, 6, 15, 14], "texture": "#1"},
				"east": {"uv": [2, 5, 3, 13], "texture": "#2"},
				"south": {"uv": [2, 5, 3, 13], "texture": "#2"},
				"west": {"uv": [2, 5, 3, 13], "texture": "#2"},
				"up": {"uv": [3, 6, 2, 5], "rotation": 90, "texture": "#2"},
				"down": {"uv": [3, 13, 2, 14], "rotation": 270, "texture": "#2"}
			}
		}
	],
	"groups": [
		{
			"name": "painting",
			"origin": [14.5, 9, 15.6875],
			"color": 0,
			"children": [0, 1, 2, 3, 4]
		}
	]
}