{
	"format_version": "1.21.6",
	"credit": "cyberia was here",
	"parent": "minecraft:item/baroque_3d",
	"textures": {
		"1": "item/painting_back",
		"2": "item/wither_painting",
		"particle": "item/wither_painting"
	},
	"elements": [
		{
			"name": "painting",
			"from": [2.5, 1, 7.6875],
			"to": [13.5, 11, 7.9375],
			"rotation": {"angle": 0, "axis": "y", "origin": [5.5, 1, 7.6875]},
			"faces": {
				"north": {"uv": [3, 3, 14, 13], "texture": "#1"},
				"south": {"uv": [3, 4, 14, 14], "texture": "#2"}
			}
		},
		{
			"name": "case_top",
			"from": [2.5, 11, 7.6875],
			"to": [13.5, 12, 8.6875],
			"rotation": {"angle": 0, "axis": "y", "origin": [5.5, 11, 7.6875]},
			"faces": {
				"north": {"uv": [14, 2, 3, 3], "texture": "#1"},
				"south": {"uv": [3, 3, 14, 4], "texture": "#2"},
				"up": {"uv": [14, 4, 3, 3], "rotation": 180, "texture": "#2"},
				"down": {"uv": [3, 3, 14, 4], "texture": "#2"}
			}
		},
		{
			"name": "case_right",
			"from": [13.5, 0, 7.6875],
			"to": [14.5, 12, 8.6875],
			"rotation": {"angle": 0, "axis": "y", "origin": [6.5, 9, 7.6875]},
			"faces": {
				"north": {"uv": [14, 2, 15, 14], "texture": "#1"},
				"east": {"uv": [14, 3, 15, 15], "texture": "#2"},
				"south": {"uv": [14, 3, 15, 15], "texture": "#2"},
				"west": {"uv": [14, 3, 15, 15], "texture": "#2"},
				"up": {"uv": [14, 3, 15, 4], "rotation": 90, "texture": "#2"},
				"down": {"uv": [14, 15, 15, 16], "rotation": 270, "texture": "#2"}
			}
		},
		{
			"name": "case_bottom",
			"from": [2.5, 0, 7.6875],
			"to": [13.5, 1, 8.6875],
			"rotation": {"angle": 0, "axis": "y", "origin": [5.5, 0, 7.6875]},
			"faces": {
				"north": {"uv": [3, 13, 14, 14], "texture": "#1"},
				"south": {"uv": [3, 14, 14, 15], "texture": "#2"},
				"up": {"uv": [3, 14, 14, 15], "texture": "#2"},
				"down": {"uv": [3, 16, 14, 15], "texture": "#2"}
			}
		},
		{
			"name": "case_left",
			"from": [1.5, 0, 7.6875],
			"to": [2.5, 12, 8.6875],
			"rotation": {"angle": 0, "axis": "y", "origin": [-5.5, 9, 7.6875]},
			"faces": {
				"north": {"uv": [2, 2, 3, 14], "texture": "#1"},
				"east": {"uv": [2, 3, 3, 15], "texture": "#2"},
				"south": {"uv": [2, 3, 3, 15], "texture": "#2"},
				"west": {"uv": [2, 3, 3, 15], "texture": "#2"},
				"up": {"uv": [2, 3, 3, 4], "rotation": 90, "texture": "#2"},
				"down": {"uv": [2, 15, 3, 16], "rotation": 270, "texture": "#2"}
			}
		}
	],
	"groups": [
		{
			"name": "painting",
			"origin": [14.5, 9, 20.6875],
			"color": 0,
			"children": [0, 1, 2, 3, 4]
		}
	]
}